"","Lower CI","Point Estimate","Upper CI"
"gy_A_AA",0.62962962962963,1.13333333333333,2.42857142857143
