"","Lower CI","Point Estimate","Upper CI"
"gy_A_AA",0.607142857142857,1.13333333333333,2.42857142857143
