"","Lower CI","Point Estimate","Upper CI"
"2",0.507634449871176,0.701339795607026,0.957690187466578
"3",0.717893653945515,0.883705259386362,1.09451842664103
"4",0.923214298040285,1.06952320940979,1.24014393837366
"5",1.14354861015074,1.33737667798803,1.56463164814722
"6",1.02332982346833,1.2205164953062,1.4513077473613
"7",0.813971751148361,0.960227272727273,1.13478283108824
"8",0.825461981238376,0.951564828614009,1.10169605794216
"9",0.528584898094035,0.713453934704797,1.00758582357238
