"","Time_trend Lower CI","Time_trend Point Estimate","Time_trend Upper CI"
"3-<12mo_high",0.798857142857143,0.983122362869198,1.23285868528801
"3-<12mo_low",0.595588235294118,0.826530612244898,1.14084507042254
"3-<12mo_medium",0.723608445297505,0.895486935866983,1.12537313432836
"3-<24mo_high",0.885714285714286,1.03333333333333,1.20824053452116
"3-<24mo_low",0.674486803519062,0.871212121212121,1.13861386138614
"3-<24mo_medium",0.767575322812052,0.9402460456942,1.15800865800866
"3-<60mo_high",0.92667898952557,1.10425844346549,1.31353711790393
"3-<60mo_low",0.7062423500612,0.867669172932331,1.09073724007561
"3-<60mo_medium",0.861662771245507,1.02177068214804,1.22434782608696
