"","Lower CI","Point Estimate","Upper CI"
"3-<12mo_high",0.888182973316391,0.990084985835694,1.12019230769231
"3-<12mo_low",0.854881266490765,1.01567398119122,1.22264150943396
"3-<12mo_medium",0.849099099099099,0.986910994764398,1.16
"3-<24mo_high",0.910999160369437,0.994500458295142,1.1397358430754
"3-<24mo_low",0.869565217391304,1.019955654102,1.20418848167539
"3-<24mo_medium",0.872756933115824,0.998134328358209,1.14561027837259
"3-<60mo_high",0.915398660986001,0.988173455978975,1.21488723434543
"3-<60mo_low",0.876899696048632,1.01405975395431,1.18237704918033
"3-<60mo_medium",0.891139240506329,1.002849002849,1.1373182552504
