"","Lower CI","Point Estimate","Upper CI"
"3-<12mo_high",0.778396436525613,0.900773195876289,1.04328358208955
"3-<12mo_low",0.723214285714286,0.920454545454545,1.18248175182482
"3-<12mo_medium",0.847191011235955,1.00802139037433,1.21221864951768
"3-<24mo_high",0.857030015797788,0.984573502722323,1.1325974360988
"3-<24mo_low",0.828828828828829,1.01098901098901,1.24324324324324
"3-<24mo_medium",0.823076923076923,0.963963963963964,1.1407249466951
"3-<60mo_high",0.967202572347267,1.14372623574144,1.35740072202166
"3-<60mo_low",0.763227513227513,0.878234398782344,1.0212389380531
"3-<60mo_medium",0.845138055222089,0.968363136176066,1.11746031746032
