"","Lower CI","Point Estimate","Upper CI"
"3-<12mo_high",0.778396436525613,0.883691529709229,1.49678800856531
"3-<12mo_low",0.723214285714286,0.88283378746594,1.4273127753304
"3-<12mo_medium",0.767820773930754,0.917274939172749,1.47265625
"3-<24mo_high",0.846994535519126,0.918712955122777,1.00742804085422
"3-<24mo_low",0.787671232876712,1.11650485436893,1.55405405405405
"3-<24mo_medium",0.816793893129771,1.25,1.61631419939577
"3-<60mo_high",0.928968499073502,1.0189701897019,1.12238805970149
"3-<60mo_low",0.773458445040214,1.05677655677656,1.32347055256775
"3-<60mo_medium",0.901379633298512,1.27305605786618,1.59276018099548
