"","Lower CI","Point Estimate","Upper CI"
"3-<12mo_high",0.786254628985983,0.920948616600791,1.08882751104437
"3-<12mo_low",0.670807453416149,0.852631578947368,1.09839847803528
"3-<12mo_medium",0.839643652561247,1,1.21221864951768
"3-<24mo_high",0.861111111111111,0.995412844036697,1.15058324496288
"3-<24mo_low",0.747967479674797,0.896686159844055,1.07728337236534
"3-<24mo_medium",0.808157099697885,0.955357142857143,1.14561027837259
"3-<60mo_high",0.996670045949469,1.20706260032103,1.47022169169761
"3-<60mo_low",0.696019300361882,0.786103542234332,0.890432098765432
"3-<60mo_medium",0.844124700239808,0.956521739130435,1.09316770186335
