"","Time_trend Lower CI","Time_trend Point Estimate","Time_trend Upper CI"
"3-<12mo_high",0.801582549103061,0.984507042253521,1.24156305506217
"3-<12mo_low",0.58695652173913,0.824427480916031,1.16129032258065
"3-<12mo_medium",0.722222222222222,0.891252955082742,1.1186943620178
"3-<24mo_high",0.887888707037643,1.03333333333333,1.21364653243848
"3-<24mo_low",0.674486803519062,0.876190476190476,1.13868449500037
"3-<24mo_medium",0.770893371757925,0.93859649122807,1.1480686695279
"3-<60mo_high",0.937655860349127,1.11078286558346,1.32627865961199
"3-<60mo_low",0.704517704517705,0.872919818456883,1.09280303030303
"3-<60mo_medium",0.865928659286593,1.02177068214804,1.21799307958478
